INSERT INTO public."ParentCategory" (id, name) VALUES (1, 'cate');
INSERT INTO public."SubCategory" (id, parent_category_id, name) VALUES (1, 1, 'hoge11');
INSERT INTO public."SubCategory" (id, parent_category_id, name) VALUES (2, 1, 'ああああ');
INSERT INTO public."Organization" (id, name, domain) VALUES (1, 'Google', '@gmail.com');
INSERT INTO public."User" (id, avatar, name, email, introduction, interested_in, last_seen, created_at, organization_id) VALUES ('1', 'a', 'a', 'aa', '', NULL, NULL, NULL, NULL);
INSERT INTO public."User" (id, avatar, name, email, introduction, interested_in, last_seen, created_at, organization_id) VALUES ('auth0|5f4b51e2e9ef5f0067b5b0cf', NULL, 'marina', 'k810marina@gmail.com', NULL, NULL, NULL, NULL, 1);
INSERT INTO public."Circle" (id, avatar, name, organization_id, what_we_will_do, main_role, owner_id, sub_category_id, recruit_title) VALUES (3, 'https://illustrain.com/wp-content/uploads/2016/12/illustrain09-pengin5-300x300.png', 'aaa', 1, 'aaaaa', '', '1', 1, NULL);
INSERT INTO public."Circle" (id, avatar, name, organization_id, what_we_will_do, main_role, owner_id, sub_category_id, recruit_title) VALUES (4, 'http://illustrain.com/img/work/2016/illustrain01-tori01.png', 'あああ', NULL, NULL, NULL, NULL, 2, NULL);
INSERT INTO public."Circle" (id, avatar, name, organization_id, what_we_will_do, main_role, owner_id, sub_category_id, recruit_title) VALUES (5, 'https://illustrain.com/wp-content/uploads/2016/12/illustrain09-pengin3-300x300.png', 'いいいい', NULL, NULL, NULL, NULL, 1, NULL);
INSERT INTO public."CircleUser" (id, circle_id, user_id) VALUES (3, 3, '1');
INSERT INTO public."CircleUser" (id, circle_id, user_id) VALUES (4, 4, '1');
INSERT INTO public."CircleUser" (id, circle_id, user_id) VALUES (5, 3, 'auth0|5f4b51e2e9ef5f0067b5b0cf');
INSERT INTO public."CircleUser" (id, circle_id, user_id) VALUES (6, 4, 'auth0|5f4b51e2e9ef5f0067b5b0cf');
INSERT INTO public."Message" (id, text, user_id, circle_id, "timestamp") VALUES (1, 'hoge', '1', 3, '2020-09-21 12:00:00+00');
INSERT INTO public."Message" (id, text, user_id, circle_id, "timestamp") VALUES (2, 'hoge', 'auth0|5f4b51e2e9ef5f0067b5b0cf', 3, '2020-09-20 00:00:00+00');
INSERT INTO public."Message" (id, text, user_id, circle_id, "timestamp") VALUES (3, 'aaaa', 'auth0|5f4b51e2e9ef5f0067b5b0cf', 3, '2020-09-21 13:00:00+00');
INSERT INTO public."Message" (id, text, user_id, circle_id, "timestamp") VALUES (4, 'iiiii', 'auth0|5f4b51e2e9ef5f0067b5b0cf', 3, '2020-09-21 13:00:00+00');
INSERT INTO public."Message" (id, text, user_id, circle_id, "timestamp") VALUES (5, 'uuuu', 'auth0|5f4b51e2e9ef5f0067b5b0cf', 3, '2020-09-21 13:00:00+00');
INSERT INTO public."Message" (id, text, user_id, circle_id, "timestamp") VALUES (6, 'e', 'auth0|5f4b51e2e9ef5f0067b5b0cf', 3, '2020-09-21 13:00:00+00');
INSERT INTO public."Message" (id, text, user_id, circle_id, "timestamp") VALUES (7, 'eooo', 'auth0|5f4b51e2e9ef5f0067b5b0cf', 3, '2020-09-21 13:20:00+00');
INSERT INTO public."Message" (id, text, user_id, circle_id, "timestamp") VALUES (8, 'aaaaaaaaaaa', 'auth0|5f4b51e2e9ef5f0067b5b0cf', 3, '2020-09-21 13:20:00+00');
INSERT INTO public."Message" (id, text, user_id, circle_id, "timestamp") VALUES (9, 'iiiiiiiiii', 'auth0|5f4b51e2e9ef5f0067b5b0cf', 3, '2020-09-21 13:20:00+00');
INSERT INTO public."Message" (id, text, user_id, circle_id, "timestamp") VALUES (10, 'hogehoge', 'auth0|5f4b51e2e9ef5f0067b5b0cf', 3, '2020-09-21 13:40:00+00');
INSERT INTO public."Message" (id, text, user_id, circle_id, "timestamp") VALUES (11, 'uu', '1', 3, '2020-09-20 12:00:00+00');
INSERT INTO public."Message" (id, text, user_id, circle_id, "timestamp") VALUES (12, 'aa', 'auth0|5f4b51e2e9ef5f0067b5b0cf', 3, '2020-09-21 05:49:11.406703+00');
INSERT INTO public."Message" (id, text, user_id, circle_id, "timestamp") VALUES (13, 'hogehogehoge', 'auth0|5f4b51e2e9ef5f0067b5b0cf', 3, '2020-09-21 05:49:21.106529+00');
INSERT INTO public."Message" (id, text, user_id, circle_id, "timestamp") VALUES (14, 'a', 'auth0|5f4b51e2e9ef5f0067b5b0cf', 3, '2020-09-21 05:51:06.944837+00');
INSERT INTO public."Message" (id, text, user_id, circle_id, "timestamp") VALUES (15, 'a', 'auth0|5f4b51e2e9ef5f0067b5b0cf', 3, '2020-09-21 05:51:34.822138+00');
INSERT INTO public."Message" (id, text, user_id, circle_id, "timestamp") VALUES (16, 'うう', 'auth0|5f4b51e2e9ef5f0067b5b0cf', 3, '2020-09-21 05:52:28.622879+00');
INSERT INTO public."Message" (id, text, user_id, circle_id, "timestamp") VALUES (17, 'いいい', 'auth0|5f4b51e2e9ef5f0067b5b0cf', 3, '2020-09-21 05:53:22.71878+00');
INSERT INTO public."Message" (id, text, user_id, circle_id, "timestamp") VALUES (18, 'aaa', 'auth0|5f4b51e2e9ef5f0067b5b0cf', 3, '2020-09-21 09:40:15.054159+00');
INSERT INTO public."Message" (id, text, user_id, circle_id, "timestamp") VALUES (19, 'aaaaaa', 'auth0|5f4b51e2e9ef5f0067b5b0cf', 3, '2020-09-21 09:42:05.445802+00');
INSERT INTO public."Message" (id, text, user_id, circle_id, "timestamp") VALUES (20, '', 'auth0|5f4b51e2e9ef5f0067b5b0cf', 3, '2020-09-21 09:43:28.397494+00');
INSERT INTO public."Message" (id, text, user_id, circle_id, "timestamp") VALUES (21, 'aaaaaaaa', 'auth0|5f4b51e2e9ef5f0067b5b0cf', 3, '2020-09-21 09:43:31.504577+00');
SELECT pg_catalog.setval('public."CicleSkill_id_seq"', 1, false);
SELECT pg_catalog.setval('public."Messages_id_seq"', 21, true);
SELECT pg_catalog.setval('public."ParentCategory_id_seq"', 1, false);
SELECT pg_catalog.setval('public."RoomUser_id_seq"', 6, true);
SELECT pg_catalog.setval('public."Skill_id_seq"', 1, false);
SELECT pg_catalog.setval('public."SubCategory_id_seq"', 1, false);
SELECT pg_catalog.setval('public."UserSkill_id_seq"', 1, false);
SELECT pg_catalog.setval('public.rooms_id_seq', 5, true);
SELECT pg_catalog.setval('public.user_id_seq', 1, false);
